id;description;black_date;create_date;modify_date
1;../fake-data/blob/hipster.txt;2023-02-12T05:34:42;2023-02-12T15:01:45;2023-02-12T22:41:16
2;../fake-data/blob/hipster.txt;2023-02-12T04:09:14;2023-02-12T03:02:43;2023-02-12T13:25:23
3;../fake-data/blob/hipster.txt;2023-02-12T12:02:16;2023-02-12T18:48:03;2023-02-12T15:57:19
4;../fake-data/blob/hipster.txt;2023-02-12T17:00:55;2023-02-12T13:54:22;2023-02-12T16:32:58
5;../fake-data/blob/hipster.txt;2023-02-12T08:02:47;2023-02-12T07:30:59;2023-02-12T21:37:25
6;../fake-data/blob/hipster.txt;2023-02-12T11:17:33;2023-02-12T23:59:07;2023-02-12T19:57:11
7;../fake-data/blob/hipster.txt;2023-02-12T20:37:19;2023-02-12T15:07:09;2023-02-12T12:00:51
8;../fake-data/blob/hipster.txt;2023-02-12T16:21:55;2023-02-12T06:32:41;2023-02-12T11:38:25
9;../fake-data/blob/hipster.txt;2023-02-12T05:32:54;2023-02-12T07:47:28;2023-02-12T22:48:23
10;../fake-data/blob/hipster.txt;2023-02-13T01:15:12;2023-02-12T20:09:05;2023-02-12T20:34:46
